,0,1
0,cantaloupe,26048
1,message,21954
2,from,21616
3,subject,21589
4,lines,20894
5,date,20787
6,newsgroups,20404
7,path,20369
8,organization,19840
9,state,18842
10,ohio,15887
11,writes,14686
12,article,13435
13,comp,13101
14,references,12981
15,talk,12308
16,misc,11892
17,sender,11040
18,howland,10981
19,reston,10946
20,people,10364
21,like,10350
22,just,9978
23,university,9958
24,posting,9793
25,nntp,9377
26,know,9173
27,host,8934
28,think,8315
29,usenet,8308
30,zaphod,8302
31,this,7954
32,politics,7869
33,windows,7584
34,does,7267
35,time,7073
36,rutgers,7014
37,harvard,6923
38,near,6868
39,good,6308
40,crabapple,6235
41,xref,6064
42,europa,5448
43,gtefsd,5429
44,uunet,5369
45,world,5354
46,religion,5351
47,make,5191
48,what,5184
49,christian,5129
50,right,4943
51,rochester,4851
52,distribution,4753
53,club,4617
54,space,4544
55,mail,4511
56,andrew,4458
57,want,4442
58,gatech,4413
59,magnesium,4363
60,they,4356
61,said,4321
62,udel,4310
63,reply,4307
64,utexas,4283
65,used,4261
66,culture,4241
67,need,4142
68,there,4125
69,uiuc,3978
70,work,3958
71,nasa,3931
72,really,3926
73,problem,3764
74,computer,3758
75,sura,3709
76,believe,3699
77,graphics,3620
78,hardware,3595
79,netcom,3502
80,years,3405
81,going,3366
82,government,3357
83,information,3345
84,help,3325
85,point,3299
86,that,3281
87,file,3217
88,better,3216
89,year,3200
90,using,3194
91,question,3185
92,things,3122
93,read,3071
94,software,3041
95,thanks,3041
96,david,2995
97,uucp,2938
98,sure,2931
99,number,2859
100,access,2850
101,doesn,2823
102,case,2817
103,forsale,2805
104,look,2778
105,thing,2735
106,cwru,2732
107,long,2701
108,drive,2700
109,program,2690
110,fact,2675
111,available,2622
112,version,2616
113,apple,2606
114,guns,2600
115,come,2581
116,science,2575
117,atheism,2563
118,john,2532
119,power,2529
120,little,2493
121,columbia,2477
122,didn,2454
123,darwin,2403
124,sport,2397
125,best,2386
126,public,2374
127,different,2369
128,true,2356
129,probably,2314
130,group,2291
131,game,2272
132,life,2260
133,research,2249
134,line,2227
135,actually,2224
136,course,2218
137,tell,2215
138,when,2197
139,support,2196
140,great,2192
141,real,2183
142,system,2181
143,free,2146
144,washington,2130
145,high,2126
146,post,2114
147,systems,2112
148,jesus,2109
149,list,2100
150,says,2097
151,hard,2057
152,mean,2056
153,called,2044
154,second,2032
155,hockey,2017
156,possible,2015
157,image,2008
158,internet,1996
159,card,1977
160,wrong,1961
161,pitt,1957
162,stanford,1953
163,turkish,1935
164,reason,1934
165,network,1930
166,athos,1914
167,autos,1913
168,general,1889
169,mark,1888
170,please,1885
171,person,1853
172,baseball,1851
173,jewish,1848
174,order,1843
175,based,1841
176,looking,1836
177,well,1835
178,problems,1833
179,unix,1832
180,agate,1827
181,email,1818
182,maybe,1817
183,technology,1815
184,security,1807
185,human,1803
186,files,1801
187,team,1794
188,seen,1792
189,example,1786
190,having,1786
191,center,1776
192,place,1775
193,american,1765
194,israel,1751
195,quite,1747
196,info,1744
197,purdue,1742
198,following,1736
199,control,1735
200,send,1733
201,mideast,1718
202,thought,1706
203,wrote,1705
204,heard,1704
205,doing,1680
206,evidence,1675
207,chip,1669
208,means,1666
209,michael,1663
210,electronics,1663
211,crypt,1661
212,virginia,1655
213,trying,1654
214,book,1648
215,jews,1646
216,phone,1634
217,colorado,1627
218,children,1624
219,opinions,1623
220,left,1623
221,haven,1610
222,away,1609
223,given,1603
224,start,1600
225,national,1599
226,window,1597
227,idea,1597
228,today,1596
229,user,1586
230,home,1585
231,rights,1584
232,times,1578
233,berkeley,1571
234,geneva,1568
235,word,1567
236,kind,1564
237,getting,1562
238,questions,1562
239,keywords,1554
240,president,1544
241,paul,1540
242,note,1532
243,remember,1508
244,bill,1504
245,service,1501
246,games,1499
247,steve,1497
248,change,1496
249,makes,1492
250,scsi,1489
251,standard,1488
252,history,1487
253,followup,1485
254,saying,1472
255,however,1472
256,clipper,1472
257,mike,1470
258,toronto,1463
259,local,1462
260,code,1460
261,source,1458
262,wupost,1458
263,wanted,1458
264,price,1458
265,department,1449
266,server,1445
267,open,1437
268,caltech,1433
269,also,1429
270,abortion,1429
271,frank,1425
272,large,1404
273,bogus,1403
274,institute,1401
275,money,1400
276,stuff,1393
277,small,1392
278,disk,1386
279,digex,1383
280,motorcycles,1380
281,answer,1370
282,indiana,1359
283,running,1354
284,address,1349
285,clinton,1342
286,magnus,1340
287,matter,1339
288,speed,1339
289,issue,1338
290,interested,1333
291,days,1332
292,bible,1326
293,original,1325
294,agree,1324
295,approved,1322
296,after,1319
297,came,1311
298,sale,1310
299,works,1304
300,pretty,1304
301,play,1303
302,video,1301
303,told,1298
304,some,1294
305,type,1288
306,legal,1287
307,current,1286
308,states,1283
309,care,1283
310,hope,1280
311,canada,1278
312,claim,1274
313,color,1273
314,machine,1273
315,stratus,1269
316,live,1266
317,earth,1266
318,feel,1260
319,robert,1259
320,armenian,1252
321,love,1241
322,hand,1237
323,understand,1236
324,house,1233
325,mind,1231
326,college,1229
327,these,1223
328,important,1222
329,math,1213
330,simply,1212
331,church,1211
332,programs,1205
333,memory,1204
334,netnews,1198
335,april,1195
336,black,1192
337,engineering,1191
338,buffalo,1191
339,went,1190
340,truth,1188
341,including,1187
342,include,1177
343,certainly,1173
344,area,1171
345,started,1170
346,encryption,1169
347,wouldn,1168
348,white,1168
349,guess,1159
350,caen,1156
351,cause,1152
352,cornell,1150
353,dept,1149
354,health,1149
355,making,1148
356,soviet,1143
357,instead,1143
358,value,1140
359,comes,1137
360,display,1131
361,christians,1131
362,christ,1123
363,later,1122
364,working,1117
365,sandvik,1117
366,school,1111
367,igor,1105
368,death,1102
369,newsreader,1099
370,company,1095
371,country,1093
372,cost,1092
373,private,1085
374,single,1084
375,feed,1081
376,copy,1080
377,write,1078
378,text,1077
379,view,1070
380,words,1068
381,unless,1068
382,consider,1068
383,hell,1065
384,light,1065
385,opinion,1058
386,difference,1056
387,society,1055
388,pacific,1053
389,california,1050
390,armenians,1046
391,police,1046
392,faith,1045
393,austin,1041
394,known,1040
395,james,1039
396,tried,1038
397,computers,1037
398,major,1030
399,freenet,1029
400,sort,1028
401,brian,1027
402,check,1026
403,clear,1024
404,sense,1023
405,anybody,1019
406,deal,1019
407,wisc,1018
408,bitnet,1017
409,ucsd,1016
410,contact,1015
411,political,1014
412,cleveland,1008
413,services,1007
414,objective,1007
415,religious,1004
416,hedrick,1003
417,morality,1002
418,likely,999
419,aramis,999
420,city,998
421,iastate,998
422,talking,995
423,especially,994
424,similar,994
425,radio,992
426,night,991
427,argument,990
428,press,990
429,nice,985
430,package,984
431,summary,983
432,koresh,982
433,correct,982
434,women,980
435,body,980
436,couple,979
437,simple,975
438,then,975
439,blue,972
440,force,971
441,certain,971
442,happened,971
443,stop,970
444,dead,970
445,sound,969
446,board,968
447,self,967
448,dave,966
449,peter,966
450,privacy,964
451,exactly,959
452,asked,952
453,emory,951
454,took,950
455,books,950
456,killed,947
457,east,947
458,israeli,944
459,york,944
460,screen,944
461,fine,943
462,driver,943
463,moral,942
464,theory,941
465,fast,940
466,provide,940
467,sorry,937
468,your,935
469,head,935
470,situation,935
471,monitor,935
472,level,934
473,common,933
474,business,928
475,taken,926
476,format,925
477,groups,923
478,position,923
479,test,923
480,size,920
481,statement,919
482,reading,919
483,images,917
484,with,916
485,western,913
486,answers,913
487,goes,911
488,written,910
489,early,907
490,form,906
491,motif,906
492,usually,905
493,players,904
494,discussion,902
495,mchp,902
496,application,901
497,peace,900
498,personal,898
499,experience,896
500,laws,895
501,scott,895
502,rest,894
503,elroy,893
504,bike,893
505,manager,892
506,interesting,891
507,peachnet,889
508,swrinde,887
509,here,883
510,past,881
511,hear,879
512,division,876
513,transfer,875
514,keys,872
515,disclaimer,869
516,period,868
517,particular,868
518,microsoft,866
519,corp,865
520,arizona,864
521,advance,864
522,users,864
523,first,863
524,easy,863
525,turn,863
526,account,863
527,since,862
528,according,861
529,study,861
530,needed,860
531,posted,857
532,ames,856
533,office,855
534,astro,855
535,happen,853
536,needs,852
537,short,851
538,jpeg,849
539,request,848
540,physics,847
541,special,846
542,effect,846
543,numbers,845
544,series,843
545,mouse,842
546,corporation,841
547,members,841
548,week,838
549,future,838
550,season,838
551,anti,837
552,yale,837
553,texas,837
554,uses,835
555,upenn,835
556,kill,834
557,months,834
558,lost,834
559,kent,830
560,smith,829
561,ogicse,829
562,media,828
563,exist,828
564,output,827
565,ones,826
566,points,823
567,young,822
568,mode,822
569,keith,822
570,greek,821
571,model,821
572,error,820
573,thomas,819
574,drivers,819
575,duke,818
576,medical,815
577,germany,813
578,accept,812
579,expect,811
580,longer,809
581,sell,806
582,where,805
583,eric,805
584,specific,805
585,face,804
586,plus,804
587,considered,803
588,convex,803
589,recently,802
590,wasn,801
591,gets,800
592,food,796
593,project,796
594,communications,796
595,return,793
596,united,786
597,performance,785
598,sources,785
599,runs,785
600,coming,783
601,aren,781
602,taking,780
603,insurance,780
604,land,778
605,policy,777
606,shall,775
607,king,775
608,worth,774
609,international,773
610,process,772
611,values,771
612,reference,771
613,federal,771
614,offer,770
615,outside,769
616,action,767
617,speak,766
618,thinking,765
619,army,765
620,ground,765
621,various,764
622,built,764
623,pittsburgh,764
624,drives,764
625,optilink,763
626,assume,761
627,military,760
628,pipex,759
629,result,758
630,weapons,755
631,chris,752
632,results,752
633,quality,750
634,response,750
635,cars,748
636,richard,748
637,water,746
638,friend,746
639,million,745
640,doubt,744
641,total,742
642,horus,742
643,environment,741
644,navy,741
645,involved,740
646,even,740
647,road,740
648,christianity,740
649,story,739
650,present,739
651,design,739
652,build,739
653,uchicago,738
654,close,737
655,voice,737
656,strong,737
657,higher,735
658,most,734
659,allow,734
660,includes,733
661,save,732
662,child,732
663,explain,732
664,term,731
665,computing,731
666,rate,729
667,batf,729
668,league,728
669,newsserver,726
670,field,724
671,necessary,723
672,report,723
673,cases,723
674,hold,722
675,previous,722
676,uknet,720
677,building,720
678,george,720
679,programmer,720
680,couldn,719
681,comments,718
682,asking,717
683,looks,717
684,player,716
685,west,714
686,freedom,713
687,tape,713
688,leave,713
689,knowledge,713
690,parts,712
691,related,712
692,bear,712
693,deleted,711
694,issues,709
695,wants,709
696,demon,708
697,population,707
698,soon,706
699,armenia,705
700,party,705
701,lord,705
702,athena,704
703,choice,703
704,site,702
705,univ,701
706,knows,701
707,willing,698
708,tech,698
709,boston,696
710,crime,694
711,watson,693
712,while,691
713,applications,690
714,technical,690
715,development,689
716,ideas,688
717,portal,688
718,market,687
719,muslim,686
720,appreciated,685
721,decwrl,684
722,clearly,682
723,anonymous,681
724,claims,679
725,follow,678
726,modem,678
727,section,677
728,mentioned,677
729,mcgill,674
730,half,674
731,sent,674
732,many,671
733,sounds,669
734,currently,669
735,ways,667
736,complete,667
737,basis,665
738,arms,664
739,america,663
740,henry,663
741,exists,660
742,administration,660
743,nature,660
744,arab,659
745,takes,659
746,drug,659
747,useful,659
748,defense,657
749,reasons,657
750,drugs,655
751,cover,654
752,chicago,654
753,included,654
754,main,653
755,machines,651
756,europe,650
757,completely,649
758,directory,649
759,purpose,649
760,command,648
761,apps,647
762,controller,647
763,existence,646
764,court,646
765,average,645
766,will,645
767,scientific,645
768,page,642
769,genocide,641
770,belief,641
771,living,640
772,north,637
773,poster,637
774,gives,636
775,rules,636
776,cards,634
777,green,634
778,doug,634
779,individual,631
780,waco,630
781,father,629
782,illinois,629
783,bought,629
784,family,628
785,newsgroup,628
786,engine,628
787,created,627
788,origins,626
789,conspiracy,626
790,unit,626
791,required,625
792,mantis,625
793,basic,623
794,serial,623
795,community,620
796,create,620
797,shot,620
798,weeks,620
799,meaning,619
800,digital,619
801,algorithm,619
802,language,617
803,chance,617
804,base,617
805,mass,617
806,could,616
807,inside,615
808,alaska,615
809,brown,614
810,necessarily,614
811,noise,611
812,universe,611
813,manual,611
814,normal,610
815,lead,610
816,looked,610
817,gateway,610
818,only,609
819,appears,608
820,faster,608
821,turkey,607
822,cheap,607
823,torn,606
824,supposed,606
825,interface,606
826,device,606
827,suggest,603
828,student,603
829,obviously,602
830,record,602
831,energy,602
832,views,601
833,thank,601
834,paper,599
835,details,599
836,muslims,598
837,perhaps,598
838,object,598
839,class,598
840,directly,596
841,rule,596
842,gave,596
843,finally,595
844,author,594
845,gary,594
846,atheists,594
847,mcsun,592
848,owner,592
849,shuttle,590
850,zuma,589
851,russian,589
852,reasonable,589
853,figure,588
854,commercial,588
855,port,586
856,lots,585
857,learn,585
858,library,584
859,events,584
860,final,584
861,princeton,584
862,fido,584
863,advice,583
864,civil,582
865,heart,582
866,rush,582
867,spool,581
868,happy,581
869,acsu,581
870,wait,580
871,mitre,579
872,hours,578
873,entire,578
874,event,578
875,umich,578
876,folks,577
877,andy,577
878,joseph,576
879,colostate,576
880,products,576
881,release,576
882,wish,575
883,secret,575
884,carleton,575
885,condition,575
886,murdoch,575
887,terms,574
888,received,574
889,function,574
890,goal,573
891,acns,573
892,stated,572
893,processing,571
894,oracle,571
895,attack,570
896,ncsu,569
897,room,569
898,stephen,569
899,prove,568
900,break,567
901,product,567
902,entry,567
903,clock,566
904,plan,566
905,enforcement,566
906,anyone,565
907,miles,563
908,have,562
909,matthew,562
910,turks,561
911,actions,561
912,letter,561
913,illegal,560
914,adobe,560
915,msdos,560
916,responsible,559
917,wonder,559
918,definition,558
919,extra,558
920,would,558
921,bits,558
922,cramer,556
923,easily,555
924,difficult,554
925,station,553
926,bring,553
927,reality,553
928,constitution,553
929,south,552
930,nott,552
931,lives,551
932,rose,551
933,devices,551
934,designed,550
935,door,550
936,congress,550
937,conference,550
938,printer,550
939,places,548
940,primate,548
941,tools,548
942,batcomputer,547
943,limited,547
944,happens,546
945,wondering,545
946,equipment,544
947,unfortunately,543
948,changed,543
949,context,543
950,carry,543
951,cable,543
952,jeff,542
953,reports,541
954,saimiri,540
955,allowed,539
956,citizens,539
957,americans,538
958,suppose,537
959,laboratory,536
960,imagine,536
961,more,535
962,mention,534
963,analysis,534
964,recent,533
965,central,532
966,stand,532
967,jvnc,531
968,evil,531
969,amiga,531
970,solution,530
971,engr,529
972,method,529
973,fans,529
974,originator,528
975,decided,528
976,physical,528
977,hate,527
978,launch,527
979,companies,526
980,avoid,525
981,jack,525
982,facts,524
983,wife,524
984,late,524
985,decision,524
986,trouble,524
987,generally,524
988,ucsu,524
989,studies,523
990,knew,523
991,attempt,522
992,member,522
993,street,522
994,online,522
995,mnemosyne,521
996,pick,520
997,stupid,520
998,apparently,519
999,continue,519
1000,pictures,519
1001,died,518
1002,proof,518
1003,guys,518
1004,compound,518
1005,murder,517
1006,uwaterloo,516
1007,widget,516
1008,psinntp,515
1009,regarding,515
1010,double,515
1011,watch,514
1012,ctron,514
1013,escrow,514
1014,moon,513
1015,chips,513
1016,roger,513
1017,input,512
1018,month,511
1019,define,511
1020,safety,511
1021,utnut,511
1022,volume,510
1023,archive,510
1024,reported,510
1025,held,510
1026,livesey,510
1027,brought,509
1028,forget,508
1029,bell,508
1030,coverage,508
1031,intercon,508
1032,floppy,506
1033,switch,505
1034,apollo,505
1035,psuvm,505
1036,internal,504
1037,worked,503
1038,official,503
1039,somebody,503
1040,middle,502
1041,title,502
1042,audio,502
1043,require,502
1044,installed,501
1045,keyboard,501
1046,pass,500
1047,serdar,499
1048,apply,499
1049,supply,499
1050,disease,498
1051,mother,498
1052,education,498
1053,blood,497
1054,logic,496
1055,atlanta,496
1056,midway,496
1057,fall,496
1058,charles,496
1059,homosexuality,496
1060,hands,495
1061,range,495
1062,trade,493
1063,once,493
1064,because,492
1065,lack,492
1066,argic,491
1067,obvious,491
1068,quote,490
1069,georgia,490
1070,worse,490
1071,friends,490
1072,orbit,490
1073,teams,490
1074,protect,489
1075,false,489
1076,authority,489
1077,search,489
1078,which,489
1079,suspect,488
1080,mission,486
1081,names,485
1082,killing,485
1083,gone,485
1084,giving,484
1085,excellent,484
1086,mary,484
1087,starting,483
1088,natural,482
1089,music,481
1090,larry,480
1091,amendment,480
1092,shipping,480
1093,medicine,479
1094,linac,478
1095,areas,478
1096,choose,477
1097,boulder,477
1098,contains,477
1099,effective,476
1100,appropriate,476
1101,shows,475
1102,islam,475
1103,resources,475
1104,limbaugh,475
1105,writing,474
1106,appear,474
1107,yeah,474
1108,material,473
1109,disks,473
1110,addition,472
1111,approach,472
1112,adam,471
1113,saturn,471
1114,cambridge,470
1115,driving,470
1116,lower,470
1117,requires,470
1118,respect,469
1119,rich,468
1120,fonts,468
1121,modern,467
1122,social,467
1123,destroyer,467
1124,data,467
1125,published,466
1126,ability,466
1127,homosexual,465
1128,caused,464
1129,suggestions,464
1130,very,463
1131,protection,463
1132,costs,463
1133,uoknor,463
1134,another,461
1135,picture,461
1136,intel,461
1137,mormons,461
1138,provided,460
1139,secure,460
1140,trust,460
1141,electronic,459
1142,poor,459
1143,added,459
1144,kevin,459
1145,posts,458
1146,other,458
1147,heaven,458
1148,basically,457
1149,earlier,457
1150,cray,457
1151,understanding,456
1152,calls,456
1153,phil,456
1154,treatment,455
1155,practice,455
1156,administrator,454
1157,independent,454
1158,possibly,454
1159,stephanopoulos,454
1160,prevent,453
1161,countries,453
1162,comment,453
1163,wide,452
1164,turned,452
1165,expressed,452
1166,majority,452
1167,mailing,452
1168,firearms,452
1169,british,451
1170,gordon,451
1171,dseg,451
1172,stay,450
1173,regular,450
1174,ford,450
1175,perfect,449
1176,master,449
1177,justice,449
1178,desy,449
1179,lehigh,449
1180,beliefs,448
1181,leland,448
1182,played,447
1183,print,446
1184,again,445
1185,berlin,445
1186,seriously,445
1187,programming,445
1188,ericsson,444
1189,alan,443
1190,fairly,443
1191,arguments,443
1192,articles,443
1193,appreciate,443
1194,closed,442
1195,morning,442
1196,realize,442
1197,minutes,442
1198,rice,442
1199,handle,442
1200,monash,442
1201,march,441
1202,personally,441
1203,playing,441
1204,soldiers,440
1205,spot,440
1206,nigel,440
1207,setup,440
1208,tamu,440
1209,features,439
1210,prism,439
1211,beginning,439
1212,loss,439
1213,australia,439
1214,greg,439
1215,responsibility,438
1216,block,438
1217,kept,438
1218,bruce,438
1219,sold,437
1220,particularly,437
1221,changes,437
1222,cross,436
1223,reserve,436
1224,okstate,436
1225,postscript,436
1226,csus,435
1227,supports,435
1228,spirit,434
1229,standards,433
1230,increase,433
1231,sites,433
1232,tony,433
1233,acts,432
1234,shouldn,432
1235,senator,432
1236,export,432
1237,auto,431
1238,rick,431
1239,matt,430
1240,serve,429
1241,option,429
1242,described,429
1243,both,428
1244,gsfc,428
1245,last,427
1246,types,427
1247,statements,426
1248,direct,426
1249,multiple,426
1250,mathew,426
1251,pages,425
1252,straight,425
1253,remote,425
1254,font,425
1255,committee,424
1256,recall,424
1257,absolutely,423
1258,convert,423
1259,utoronto,423
1260,sera,422
1261,admin,422
1262,rocket,421
1263,judge,421
1264,paid,421
1265,doctor,420
1266,dangerous,420
1267,step,420
1268,hole,420
1269,xterm,420
1270,agents,419
1271,vote,419
1272,hello,419
1273,william,418
1274,effort,418
1275,sgiblab,417
1276,effects,417
1277,panix,417
1278,dartmouth,417
1279,merely,416
1280,defined,416
1281,sexual,415
1282,temple,415
1283,share,414
1284,those,414
1285,operation,414
1286,risk,414
1287,draw,414
1288,considering,414
1289,behavior,414
1290,aware,414
1291,concert,414
1292,dwyer,414
1293,woman,412
1294,cancer,411
1295,assuming,411
1296,kids,411
1297,flame,410
1298,born,409
1299,percent,409
1300,pain,409
1301,activities,409
1302,greatly,409
1303,buying,409
1304,libertarian,409
1305,ride,409
1306,notice,408
1307,begin,408
1308,colors,408
1309,desire,407
1310,charge,407
1311,signal,407
1312,calling,406
1313,branch,406
1314,enterpoop,406
1315,moment,406
1316,atheist,406
1317,allows,406
1318,dealer,406
1319,urbana,405
1320,silver,405
1321,expensive,405
1322,intended,404
1323,angeles,404
1324,slow,404
1325,skeptic,404
1326,setting,403
1327,planet,402
1328,thread,402
1329,actual,402
1330,informatik,402
1331,quick,401
1332,boeing,401
1333,developed,400
1334,fair,400
1335,specifically,400
1336,safe,400
1337,supported,400
1338,latest,400
1339,holy,400
1340,random,400
1341,daniel,400
1342,jason,400
1343,myers,400
1344,mentor,399
1345,islamic,397
1346,thus,396
1347,totally,396
1348,hallam,396
1349,park,396
1350,ulowell,396
1351,solar,396
1352,meant,395
1353,seeing,395
1354,popular,395
1355,errors,395
1356,cult,395
1357,nuclear,394
1358,prices,394
1359,hall,394
1360,vice,394
1361,arabs,393
1362,proper,393
1363,shell,393
1364,concerned,393
1365,fully,392
1366,surface,392
1367,magazine,391
1368,round,390
1369,fight,389
1370,resolution,389
1371,speaking,389
1372,options,389
1373,bellcore,389
1374,wayne,389
1375,patients,389
1376,review,388
1377,bunch,388
1378,fear,388
1379,fnal,388
1380,larc,388
1381,macintosh,388
1382,aurora,388
1383,clarkson,388
1384,decide,387
1385,respond,387
1386,agency,387
1387,solntze,387
1388,claimed,386
1389,spend,386
1390,star,386
1391,european,384
1392,failed,384
1393,creation,384
1394,communication,384
1395,chem,384
1396,table,383
1397,battery,383
1398,everybody,382
1399,concept,382
1400,cobb,381
1401,impossible,380
1402,armed,380
1403,count,380
1404,frame,380
1405,yesterday,379
1406,vancouver,379
1407,entirely,379
1408,copies,379
1409,ryan,379
1410,binaries,379
1411,criminals,378
1412,selling,378
1413,putting,378
1414,nation,377
1415,german,377
1416,provides,377
1417,zeus,377
1418,objects,377
1419,banks,377
1420,ingr,377
1421,models,377
1422,arabic,376
1423,absolute,376
1424,anyway,376
1425,thousands,375
1426,jake,375
1427,dscomsa,374
1428,receive,374
1429,noticed,374
1430,warrant,374
1431,satellite,374
1432,bios,374
1433,century,373
1434,marc,373
1435,greater,373
1436,compatible,373
1437,radar,373
1438,compared,372
1439,significant,372
1440,walter,372
1441,crypto,372
1442,wright,371
1443,motherboard,371
1444,brain,370
1445,status,370
1446,wings,370
1447,disagree,369
1448,alternative,369
1449,connection,369
1450,prefer,369
1451,detroit,369
1452,stick,368
1453,scripture,368
1454,newshost,368
1455,highly,368
1456,forces,367
1457,individuals,367
1458,foreign,367
1459,traffic,366
1460,consumers,366
1461,race,365
1462,shown,365
1463,catholic,365
1464,sciences,365
1465,owners,365
1466,heat,365
1467,clutch,365
1468,drop,364
1469,parents,364
1470,moving,364
1471,accepted,364
1472,weight,364
1473,brandeis,364
1474,versions,364
1475,property,363
1476,warning,363
1477,forward,362
1478,allen,362
1479,agencies,362
1480,training,361
1481,additional,361
1482,passed,361
1483,external,361
1484,express,361
1485,brad,360
1486,daily,360
1487,english,360
1488,admit,360
1489,animation,360
1490,eyes,359
1491,although,359
1492,ball,359
1493,cold,358
1494,trial,358
1495,guest,358
1496,clone,358
1497,concordia,357
1498,nmsu,357
1499,town,356
1500,possibility,356
1501,yuma,356
1502,seattle,356
1503,install,356
1504,document,355
1505,fred,355
1506,separate,355
1507,flames,355
1508,produce,355
1509,laurentian,355
1510,knowing,354
1511,regards,354
1512,genesis,354
1513,humans,354
1514,pressure,353
1515,taxes,353
1516,halat,353
1517,steven,352
1518,messages,352
1519,expected,352
1520,call,352
1521,visual,352
1522,anatolia,351
1523,soul,351
1524,telephone,351
1525,wall,351
1526,easier,351
1527,galileo,351
1528,argue,351
1529,billion,351
1530,rusnews,351
1531,bank,350
1532,sunday,350
1533,jobs,350
1534,vehicle,350
1535,functions,350
1536,upgrade,350
1537,mountain,349
1538,msuinfo,349
1539,maine,349
1540,evolution,349
1541,therefore,348
1542,msen,348
1543,eternal,348
1544,nazi,347
1545,immediately,347
1546,description,347
1547,multi,347
1548,ready,347
1549,munnari,347
1550,welcome,347
1551,luck,347
1552,innocent,346
1553,historical,346
1554,flight,346
1555,alchemy,346
1556,harris,346
1557,intelligence,345
1558,craig,345
1559,motorola,345
1560,bush,344
1561,instance,344
1562,simms,344
1563,throw,343
1564,conclusion,343
1565,escape,343
1566,attacks,343
1567,rates,343
1568,potential,343
1569,espn,343
1570,iranian,342
1571,leaders,342
1572,committed,342
1573,tend,342
1574,monitors,342
1575,attention,341
1576,notes,341
1577,electrical,341
1578,larger,341
1579,existing,340
1580,role,340
1581,ucsc,340
1582,martin,339
1583,azerbaijan,339
1584,their,339
1585,properly,339
1586,oakland,339
1587,lose,338
1588,guide,338
1589,valid,338
1590,olivea,338
1591,aids,338
1592,morris,338
1593,umass,337
1594,beat,337
1595,applied,337
1596,degree,337
1597,sample,337
1598,equal,337
1599,miller,337
1600,meet,336
1601,domain,336
1602,activity,336
1603,resource,336
1604,holocaust,335
1605,piece,335
1606,typical,334
1607,criminal,334
1608,grant,334
1609,management,334
1610,purchase,333
1611,despite,333
1612,fidonet,333
1613,ahead,332
1614,next,332
1615,keeping,332
1616,oulu,332
1617,rider,332
1618,male,331
1619,advantage,331
1620,semi,331
1621,davis,330
1622,ncar,330
1623,formats,330
1624,dale,330
1625,michigan,329
1626,shots,329
1627,waiting,329
1628,louis,329
1629,linus,329
1630,stats,329
1631,sign,328
1632,sdpa,328
1633,missing,328
1634,style,328
1635,released,328
1636,tool,328
1637,discuss,328
1638,ieee,328
1639,pixel,328
1640,cunixb,327
1641,showed,327
1642,montreal,327
1643,circuit,327
1644,positive,325
1645,wire,325
1646,causes,325
1647,background,324
1648,character,324
1649,nearly,324
1650,johnson,324
1651,planetary,324
1652,automatic,323
1653,okay,323
1654,umanitoba,323
1655,brother,322
1656,believed,322
1657,weapon,322
1658,claremont,322
1659,rock,322
1660,boards,322
1661,heavy,321
1662,should,321
1663,levels,321
1664,papers,321
1665,proposed,321
1666,davidians,321
1667,clayton,321
1668,alive,320
1669,russia,320
1670,francisco,320
1671,accurate,320
1672,industry,320
1673,changing,320
1674,utah,320
1675,follows,319
1676,eventually,319
1677,recognize,319
1678,determine,318
1679,venus,318
1680,remove,318
1681,bedfellow,318
1682,summer,317
1683,editor,317
1684,examples,317
1685,listen,317
1686,connected,316
1687,debate,316
1688,june,316
1689,watching,316
1690,spacecraft,316
1691,lived,315
1692,root,315
1693,goals,315
1694,offers,315
1695,license,315
1696,biblical,315
1697,postings,314
1698,seas,314
1699,quickly,314
1700,minor,314
1701,convention,314
1702,cryptography,314
1703,telling,313
1704,compare,313
1705,theories,313
1706,purposes,313
1707,load,313
1708,tank,313
1709,bradley,313
1710,client,313
1711,spent,312
1712,speech,312
1713,obtain,312
1714,ursa,312
1715,nist,312
1716,laser,312
1717,employer,311
1718,economic,311
1719,attitude,311
1720,thoughts,311
1721,clean,311
1722,proposal,310
1723,jose,310
1724,generation,310
1725,island,310
1726,documentation,310
1727,lynx,310
1728,older,309
1729,methods,309
1730,mellon,309
1731,operations,309
1732,grace,309
1733,compression,309
1734,bony,308
1735,afraid,308
1736,solid,308
1737,limit,308
1738,troops,307
1739,reach,307
1740,worst,307
1741,ontario,307
1742,topic,307
1743,rangers,307
1744,minority,306
1745,definitely,306
1746,militia,305
1747,fighting,305
1748,active,305
1749,sick,305
1750,update,304
1751,diego,304
1752,feet,304
1753,llnl,304
1754,denver,304
1755,newton,304
1756,damage,303
1757,spencer,303
1758,handheld,303
1759,parties,302
1760,roads,302
1761,seven,302
1762,advanced,302
1763,riding,302
1764,waste,302
1765,complex,302
1766,length,302
1767,comm,302
1768,linux,302
1769,braves,302
1770,default,302
1771,florida,301
1772,leads,301
1773,store,300
1774,perry,300
1775,null,300
1776,ramsey,300
1777,bodies,299
1778,activism,299
1779,professor,298
1780,astronomy,298
1781,operating,298
1782,began,297
1783,hospital,297
1784,helps,297
1785,officers,297
1786,somewhat,297
1787,randy,297
1788,exact,296
1789,bosnia,296
1790,gotten,296
1791,depends,296
1792,worry,296
1793,truly,296
1794,douglas,296
1795,defend,295
1796,followed,295
1797,blame,295
1798,carnegie,295
1799,missed,295
1800,leafs,295
1801,carried,294
1802,movement,294
1803,doctrine,294
1804,uupcb,294
1805,carl,294
1806,broken,293
1807,minnesota,293
1808,replace,293
1809,mistake,292
1810,association,292
1811,cheaper,292
1812,usual,292
1813,suggested,292
1814,normally,292
1815,cache,292
1816,plain,291
1817,moved,291
1818,capable,291
1819,huge,291
1820,fault,291
1821,staff,291
1822,interpretation,291
1823,osrhe,291
1824,calpoly,291
1825,authorities,290
1826,link,290
1827,nick,290
1828,regard,290
1829,arbor,290
1830,encrypted,290
1831,correctly,289
1832,quoted,289
1833,slightly,289
1834,missouri,289
1835,hasn,288
1836,direction,288
1837,survivors,288
1838,statistics,288
1839,relationship,288
1840,noose,288
1841,maynard,288
1842,religions,288
1843,expansion,287
1844,southern,287
1845,weren,287
1846,honda,287
1847,quadra,287
1848,documents,286
1849,violence,286
1850,session,286
1851,assault,286
1852,edge,286
1853,liberty,286
1854,terminal,286
1855,montana,286
1856,button,286
1857,connect,286
1858,refer,285
1859,damn,285
1860,develop,285
1861,anthony,285
1862,saved,285
1863,minute,285
1864,patrick,285
1865,factor,285
1866,parallel,285
1867,strange,285
1868,pointed,284
1869,replaced,284
1870,vnews,284
1871,winning,284
1872,penalty,284
1873,shelley,284
1874,eitech,284
1875,dark,283
1876,curious,283
1877,conditions,283
1878,starts,283
1879,warwick,283
1880,lunar,283
1881,rwing,283
1882,uicvm,283
1883,letters,282
1884,governments,282
1885,associated,282
1886,yugoslavia,281
1887,meeting,281
1888,organizations,281
1889,tells,281
1890,relevant,281
1891,packages,281
1892,imho,281
1893,houston,281
1894,homosexuals,281
1895,content,280
1896,tradition,280
1897,kelvin,280
1898,virtual,280
1899,scale,279
1900,lance,279
1901,showing,279
1902,feeling,279
1903,packard,279
1904,drawing,278
1905,success,278
1906,adams,278
1907,uchinews,278
1908,dollars,278
1909,compuserve,278
1910,fuel,278
1911,villages,277
1912,readers,277
1913,irvine,277
1914,remain,277
1915,brand,277
1916,wave,277
1917,rtsg,277
1918,temperature,277
1919,mksol,277
1920,legitimate,276
1921,felt,276
1922,hardly,276
1923,palestinian,276
1924,students,276
1925,track,276
1926,measure,276
1927,excuse,276
1928,wustl,276
1929,deaths,275
1930,frequently,275
1931,lies,275
1932,lock,275
1933,lists,275
1934,feature,275
1935,ancient,274
1936,location,274
1937,canadian,274
1938,ignore,274
1939,london,273
1940,nations,273
1941,before,273
1942,threat,273
1943,hurt,273
1944,extremely,273
1945,canon,273
1946,hydra,272
1947,sales,272
1948,fixed,272
1949,morgan,272
1950,clark,272
1951,presented,271
1952,stories,271
1953,sides,271
1954,ottawa,271
1955,every,271
1956,cheers,271
1957,louisville,271
1958,raised,271
1959,reaction,271
1960,mailer,271
1961,cops,271
1962,abuse,270
1963,chemistry,270
1964,select,270
1965,organpipe,270
1966,surely,269
1967,conflict,269
1968,recommend,269
1969,structure,269
1970,responses,269
1971,jonathan,269
1972,geraldo,269
1973,jupiter,269
1974,urartu,268
1975,deep,268
1976,funny,268
1977,hour,268
1978,processor,268
1979,bytes,268
1980,council,267
1981,prior,267
1982,occupied,267
1983,about,267
1984,iran,267
1985,philosophy,267
1986,guilty,267
1987,holes,267
1988,gods,267
1989,wiretap,267
1990,playoffs,267
1991,leader,266
1992,judgement,266
1993,translation,266
1994,punishment,266
1995,initial,266
1996,northern,266
1997,rain,266
1998,none,266
1999,smaller,266
2000,tear,266
2001,shooting,265
2002,forced,265
2003,persons,265
2004,finding,265
2005,academic,265
2006,differences,265
2007,england,265
2008,marriage,265
2009,shareware,265
2010,playoff,265
2011,mcrcim,264
2012,greece,264
2013,percentage,264
2014,weak,264
2015,noted,264
2016,gain,264
2017,twice,264
2018,zero,264
2019,mars,264
2020,leading,263
2021,zone,263
2022,named,263
2023,benefit,263
2024,hewlett,263
2025,opportunity,263
2026,enter,262
2027,hearing,262
2028,tests,262
2029,expo,262
2030,walker,262
2031,engineer,261
2032,sweden,261
2033,opposed,261
2034,core,261
2035,demand,261
2036,powerful,261
2037,channel,261
2038,attorney,261
2039,rear,261
2040,foundation,261
2041,discovered,261
2042,amdahl,261
2043,diamond,261
2044,sets,260
2045,stopped,260
2046,sports,260
2047,edward,260
2048,officials,260
2049,nothing,260
2050,distance,260
2051,civilians,259
2052,plans,259
2053,each,259
2054,listed,259
2055,scheme,259
2056,motorcycle,259
2057,dean,259
2058,explanation,258
2059,village,258
2060,capital,258
2061,ucla,258
2062,super,258
2063,labs,258
2064,draft,258
2065,phoenix,258
2066,reduce,258
2067,viking,258
2068,openwindows,258
2069,turns,257
2070,consistent,257
2071,shoot,257
2072,orion,257
2073,seconds,257
2074,doctors,257
2075,stars,257
2076,hawaii,257
2077,acceptable,256
2078,palestinians,256
2079,walk,256
2080,never,256
2081,crash,256
2082,paying,256
2083,pull,256
2084,login,256
2085,turbo,256
2086,join,255
2087,surprised,255
2088,worship,255
2089,situations,255
2090,finland,255
2091,configuration,255
2092,happening,254
2093,established,254
2094,arts,254
2095,announcement,254
2096,odin,254
2097,barry,254
2098,covered,253
2099,essentially,253
2100,primary,253
2101,items,253
2102,assumption,252
2103,centre,252
2104,caps,252
2105,lewis,252
2106,japan,252
2107,discussed,252
2108,packet,252
2109,backup,252
2110,technologies,252
2111,reliable,251
2112,sending,251
2113,followers,251
2114,perfectly,251
2115,cronkite,251
2116,string,251
2117,dsinc,251
2118,contrib,251
2119,journal,250
2120,observations,250
2121,afford,250
2122,loaded,250
2123,database,250
2124,eisa,250
2125,hsdndev,250
2126,ethernet,250
2127,claiming,249
2128,nazis,249
2129,hitting,249
2130,baker,249
2131,holding,249
2132,amateur,249
2133,wilson,249
2134,utilities,249
2135,diet,249
2136,concerning,248
2137,standing,248
2138,anymore,248
2139,tanks,247
2140,pens,247
2141,ensure,247
2142,raise,247
2143,registration,247
2144,anderson,247
2145,pyramid,247
2146,cbnewsj,247
2147,santa,247
2148,wisdom,246
2149,christopher,246
2150,stream,246
2151,decent,246
2152,aaron,246
2153,ultb,246
2154,stanley,246
2155,msstate,246
2156,centris,246
2157,royalroads,246
2158,sunic,245
2159,reasoning,245
2160,fail,245
2161,manner,245
2162,headlines,245
2163,sleep,245
2164,utility,245
2165,uvic,245
2166,tiff,245
2167,xview,245
2168,budget,244
2169,caught,244
2170,chemical,244
2171,philadelphia,244
2172,sony,244
2173,cool,243
2174,lake,243
2175,kinds,243
2176,protected,243
2177,japanese,243
2178,centerline,243
2179,menu,243
2180,kyle,243
2181,learned,242
2182,clients,242
2183,providing,242
2184,addresses,242
2185,sitting,242
2186,carrying,242
2187,regardless,242
2188,annual,242
2189,boxes,242
2190,jhunix,242
2191,blues,242
2192,occur,241
2193,burning,241
2194,blaze,241
2195,uvaarpa,241
2196,colour,241
2197,pagan,241
2198,originally,241
2199,director,241
2200,forever,241
2201,ulysses,241
2202,score,241
2203,heads,240
2204,offered,240
2205,thor,240
2206,discussions,240
2207,printing,240
2208,placed,240
2209,still,240
2210,vision,240
2211,winnipeg,240
2212,ucdavis,239
2213,kings,239
2214,barr,239
2215,requirements,239
2216,checked,239
2217,shift,239
2218,cactus,239
2219,feds,239
2220,floor,238
2221,france,238
2222,relatively,238
2223,conversion,238
2224,ualberta,238
2225,secretary,237
2226,visible,237
2227,produced,237
2228,hudson,237
2229,satan,237
2230,jerusalem,236
2231,modified,236
2232,region,236
2233,replies,236
2234,aside,236
2235,baltimore,236
2236,transmission,236
2237,malgudi,236
2238,concern,236
2239,probe,236
2240,ports,236
2241,logical,235
2242,galaxy,235
2243,enjoy,235
2244,fired,235
2245,strongly,235
2246,advocacy,235
2247,plug,235
2248,constellation,235
2249,widgets,235
2250,origin,234
2251,organized,234
2252,announced,234
2253,republic,234
2254,simon,234
2255,cities,234
2256,thinks,234
2257,unknown,234
2258,fields,234
2259,take,234
2260,sufficient,234
2261,depending,234
2262,edition,234
2263,animals,234
2264,contrary,234
2265,wood,234
2266,ists,234
2267,bruins,234
2268,quotes,233
2269,spring,233
2270,tested,233
2271,pray,233
2272,wesleyan,233
2273,msus,233
2274,bikes,233
2275,carson,233
2276,extermination,232
2277,credit,232
2278,burned,232
2279,talks,232
2280,senate,232
2281,distributed,232
2282,detector,232
2283,jets,232
2284,failure,231
2285,driven,231
2286,overall,231
2287,instruments,231
2288,usage,231
2289,violent,231
2290,exodus,231
2291,gerald,231
2292,vnet,231
2293,name,231
2294,pasadena,231
2295,latech,231
2296,push,230
2297,matters,230
2298,russell,230
2299,lawrence,230
2300,gamma,230
2301,attempts,229
2302,lights,229
2303,comparison,229
2304,experiences,229
2305,kingdom,229
2306,solutions,229
2307,maryland,229
2308,apart,229
2309,ticket,229
2310,devils,229
2311,jehovah,229
2312,ordered,228
2313,extended,228
2314,production,228
2315,split,228
2316,quack,228
2317,edmonton,228
2318,sternlight,228
2319,newsflash,227
2320,paragraph,227
2321,palestine,227
2322,victims,227
2323,such,227
2324,hill,227
2325,decisions,227
2326,focus,227
2327,sgigate,227
2328,ebay,227
2329,echo,227
2330,honest,226
2331,equivalent,226
2332,passes,226
2333,israelis,226
2334,schools,226
2335,dealing,226
2336,agreement,226
2337,degrees,226
2338,match,226
2339,cellar,226
2340,calgary,226
2341,uoregon,226
2342,luke,226
2343,titan,226
2344,familiar,225
2345,hitler,225
2346,clarinet,225
2347,someone,225
2348,investigation,225
2349,thousand,225
2350,shape,225
2351,motion,225
2352,installation,225
2353,removed,225
2354,boot,225
2355,patient,225
2356,commands,225
2357,scientists,225
2358,swap,225
2359,ucalgary,225
2360,suicide,224
2361,careful,224
2362,bother,224
2363,reno,224
2364,candida,224
2365,containing,223
2366,maintain,223
2367,career,223
2368,lerc,223
2369,gravity,223
2370,adapter,223
2371,byte,223
2372,crimes,222
2373,during,222
2374,besides,222
2375,border,222
2376,without,222
2377,ultra,222
2378,challenge,222
2379,dare,222
2380,wind,222
2381,stat,222
2382,dennis,222
2383,vela,222
2384,dartvax,222
2385,desktop,222
2386,african,221
2387,lets,221
2388,proven,221
2389,murray,221
2390,contain,221
2391,libraries,221
2392,testament,221
2393,cooking,221
2394,stage,220
2395,destroyed,220
2396,shit,220
2397,french,220
2398,circumstances,220
2399,figures,220
2400,spread,220
2401,units,220
2402,hamburg,220
2403,facility,220
2404,agent,220
2405,assertion,220
2406,oasys,220
2407,jerry,220
2408,testing,220
2409,xlib,220
2410,rape,219
2411,predictions,219
2412,wheel,219
2413,servers,219
2414,chuck,219
2415,storage,219
2416,pitching,219
2417,pitcher,219
2418,suffering,218
2419,davidian,218
2420,planning,218
2421,prepared,218
2422,funds,218
2423,prime,218
2424,newshub,218
2425,salt,218
2426,accident,218
2427,propulsion,218
2428,terrorism,217
2429,variety,217
2430,toolkit,217
2431,thunder,216
2432,repeat,216
2433,serbs,216
2434,seems,216
2435,impact,216
2436,progress,216
2437,literature,216
2438,increased,216
2439,lockheed,216
2440,philips,216
2441,mormon,216
2442,holland,216
2443,resistance,215
2444,wise,215
2445,arromdee,215
2446,part,215
2447,remains,215
2448,burn,215
2449,neutral,215
2450,carefully,215
2451,highest,215
2452,karl,215
2453,slip,215
2454,spending,215
2455,phones,215
2456,modes,215
2457,sharks,215
2458,shut,214
2459,mouth,214
2460,target,214
2461,charlie,214
2462,shared,214
2463,paint,214
2464,birth,214
2465,fundamental,214
2466,rational,214
2467,kenneth,214
2468,suggestion,214
2469,accuracy,214
2470,panel,214
2471,jones,214
2472,mercury,214
2473,portable,214
2474,unlike,213
2475,ottoman,213
2476,silly,213
2477,experiment,213
2478,item,213
2479,irrelevant,213
2480,flyers,213
2481,dresden,213
2482,vitamin,213
2483,eastern,212
2484,forms,212
2485,knock,212
2486,experts,212
2487,justify,212
2488,dictionary,212
2489,july,212
2490,baby,212
2491,biggest,212
2492,continued,212
2493,buffer,212
2494,stolen,212
2495,tommy,212
2496,voltage,212
2497,frequency,212
2498,verse,212
2499,gtoal,212
2500,presence,211
2501,ignorance,211
2502,signed,211
2503,hundreds,211
2504,appeared,211
2505,previously,211
2506,officer,211
2507,phill,211
2508,wisconsin,211
2509,back,211
2510,quantum,211
2511,survey,211
2512,motor,211
2513,networks,211
2514,allowing,210
2515,reader,210
2516,microsystems,210
2517,netcomsv,210
2518,orst,209
2519,closer,209
2520,supposedly,209
2521,citizen,209
2522,explained,209
2523,learning,209
2524,instructions,209
2525,eagle,209
2526,settings,209
2527,graham,209
2528,gallant,209
2529,subjective,209
2530,connector,209
2531,imaging,209
2532,slave,208
2533,gaza,208
2534,mechanism,208
2535,flat,208
2536,burns,208
2537,taylor,208
2538,elements,207
2539,relative,207
2540,unable,207
2541,defensive,207
2542,leaving,207
2543,agreed,207
2544,orthodox,207
2545,mojo,207
2546,efforts,207
2547,professional,207
2548,stone,207
2549,maximum,207
2550,gates,207
2551,funding,207
2552,lonestar,207
2553,yeast,207
2554,believes,206
2555,millions,206
2556,carter,206
2557,positions,206
2558,ethnic,206
2559,wild,206
2560,friday,206
2561,occurs,206
2562,implementation,206
2563,coach,206
2564,vesa,206
2565,clem,206
2566,lebanon,205
2567,applies,205
2568,incident,205
2569,automatically,205
2570,cunews,205
2571,chain,205
2572,williams,205
2573,stereo,205
2574,sdsu,205
2575,qualcomm,205
2576,apartment,204
2577,generate,204
2578,collection,204
2579,pope,204
2580,massachusetts,204
2581,chosen,204
2582,newsgate,204
2583,plenty,204
2584,puck,204
2585,hitter,204
2586,govt,203
2587,wars,203
2588,understood,203
2589,returned,203
2590,everyone,203
2591,museum,203
2592,controlled,203
2593,foot,203
2594,taught,203
2595,obtained,203
2596,materials,203
2597,chapter,203
2598,bnrgate,203
2599,displays,203
2600,engines,203
2601,menudo,203
2602,compaq,203
2603,alexia,203
2604,massacre,202
2605,sentence,202
2606,purchased,202
2607,granted,202
2608,convince,202
2609,asuvax,202
2610,empire,202
2611,istanbul,202
2612,favor,202
2613,much,202
2614,importance,202
2615,perform,202
2616,entries,202
2617,gene,202
2618,patch,202
2619,successful,201
2620,referring,201
2621,sometimes,201
2622,december,201
2623,helped,201
2624,lying,201
2625,unlikely,201
2626,ring,201
2627,handling,201
2628,char,201
2629,superior,201
2630,band,201
2631,wins,201
2632,mimsy,201
2633,beta,201
2634,ozonehole,201
2635,todd,200
2636,assumed,200
2637,procedure,200
2638,relations,200
2639,techniques,200
2640,greeks,200
2641,touch,200
2642,morals,200
2643,seat,200
2644,cycle,200
2645,plastic,200
2646,index,200
2647,checking,199
2648,stands,199
2649,aspects,199
2650,primarily,199
2651,interests,199
2652,fifth,199
2653,stuck,199
2654,surprise,199
2655,helmet,199
2656,gumby,199
2657,revelation,199
2658,pakistan,198
2659,wetware,198
2660,picked,198
2661,liberal,198
2662,perspective,198
2663,principle,198
2664,battle,198
2665,believing,198
2666,penguins,198
2667,discrimination,198
2668,helpful,198
2669,hopefully,198
2670,lady,198
2671,enet,198
2672,extension,198
2673,divine,197
2674,oregon,197
2675,fourth,197
2676,blind,197
2677,chief,197
2678,confused,197
2679,imply,197
2680,camera,197
2681,shop,197
2682,immoral,197
2683,ingres,197
2684,allan,197
2685,signature,196
2686,neighbors,196
2687,february,196
2688,served,196
2689,managed,196
2690,tonight,196
2691,plane,196
2692,talked,196
2693,kuwait,196
2694,tough,196
2695,august,196
2696,represents,196
2697,teach,196
2698,records,196
2699,pitch,196
2700,requests,196
2701,acid,196
2702,shaft,196
2703,routines,196
2704,duty,195
2705,fellow,195
2706,exchange,195
2707,glad,195
2708,factors,195
2709,uiowa,195
2710,convinced,195
2711,capability,195
2712,pacbell,195
2713,bigger,195
2714,stsci,195
2715,converter,195
2716,svga,195
2717,alleg,195
2718,messiah,195
2719,veal,195
2720,scored,195
2721,harry,194
2722,reached,194
2723,roman,194
2724,hpscit,194
2725,indicate,194
2726,universal,194
2727,improve,194
2728,sean,194
2729,cubs,194
2730,viewer,194
2731,protocol,194
2732,referred,193
2733,athens,193
2734,movie,193
2735,notion,193
2736,photo,193
2737,lucky,193
2738,metal,193
2739,reed,193
2740,harm,193
2741,infection,193
2742,ends,193
2743,jersey,193
2744,global,193
2745,brett,193
2746,catch,192
2747,propaganda,192
2748,neighbor,192
2749,reduced,192
2750,visit,192
2751,raid,192
2752,determined,192
2753,nelson,192
2754,equally,192
2755,replacement,192
2756,archives,192
2757,observed,192
2758,mirror,192
2759,workstation,192
2760,husc,192
2761,janet,192
2762,slot,192
2763,bontchev,192
2764,terrorist,191
2765,treated,191
2766,effectively,191
2767,deny,191
2768,policies,191
2769,cash,191
2770,eskimo,191
2771,sequence,191
2772,cursor,191
2773,francis,191
2774,gospel,191
2775,answered,190
2776,intelligent,190
2777,practical,190
2778,represent,190
2779,albert,190
2780,stock,190
2781,dogs,190
2782,gear,190
2783,manuals,190
2784,newsletter,190
2785,hulman,190
2786,comics,190
2787,scoring,190
2788,multimedia,190
2789,baalke,190
2790,destruction,189
2791,orders,189
2792,union,189
2793,principles,189
2794,opening,189
2795,danger,189
2796,indeed,189
2797,quebec,189
2798,symptoms,189
2799,behanna,189
2800,wiring,189
2801,stored,189
2802,recommended,189
2803,ripem,189
2804,dyer,189
2805,alien,188
2806,indian,188
2807,accounts,188
2808,drink,188
2809,crazy,188
2810,offensive,188
2811,critical,188
2812,adding,188
2813,register,188
2814,depth,188
2815,components,188
2816,marketplace,188
2817,specs,188
2818,stafford,188
2819,lebanese,187
2820,proceeded,187
2821,exercise,187
2822,churches,187
2823,copyright,187
2824,atmosphere,187
2825,slower,187
2826,darkside,187
2827,destroy,186
2828,jump,186
2829,mathematics,186
2830,scientist,186
2831,ship,186
2832,characters,186
2833,resurrection,186
2834,platform,186
2835,widely,186
2836,fails,186
2837,sins,186
2838,tires,186
2839,hits,186
2840,shearson,186
2841,uwec,186
2842,verses,186
2843,senior,185
2844,planned,185
2845,seek,185
2846,tapes,185
2847,eddie,185
2848,gonna,185
2849,giants,185
2850,muenchen,185
2851,jackson,185
2852,strnlght,185
2853,being,184
2854,impression,184
2855,conversation,184
2856,numerous,184
2857,reverse,184
2858,cbfsb,184
2859,corner,184
2860,node,184
2861,modems,184
2862,kaldis,184
2863,bomb,183
2864,opened,183
2865,clinical,183
2866,intent,183
2867,owned,183
2868,describes,183
2869,treat,183
2870,mainly,183
2871,introduction,183
2872,gold,183
2873,headwall,183
2874,saturday,183
2875,grand,183
2876,spiritual,183
2877,significantly,183
2878,romans,183
2879,batman,183
2880,cellular,183
2881,beckman,183
2882,julian,182
2883,performed,182
2884,phrase,182
2885,karabakh,182
2886,chances,182
2887,bosnian,182
2888,passage,182
2889,minimum,182
2890,supporting,182
2891,negative,182
2892,reflect,182
2893,existed,182
2894,wear,182
2895,manufacturers,182
2896,affect,182
2897,speeds,182
2898,visualization,182
2899,algorithms,182
2900,islanders,182
2901,drag,181
2902,suit,181
2903,turning,181
2904,printed,181
2905,psychology,181
2906,miss,181
2907,favorite,181
2908,wonderful,181
2909,bonds,181
2910,waterloo,181
2911,uhura,181
2912,okcforum,181
2913,amherst,180
2914,dear,180
2915,traditional,180
2916,fund,180
2917,forth,180
2918,authors,180
2919,quit,180
2920,unto,180
2921,dealers,180
2922,cultural,179
2923,useless,179
2924,teaching,179
2925,formed,179
2926,bull,179
2927,assembly,179
2928,schedule,179
2929,factory,179
2930,rushdie,179
2931,interactive,179
2932,thanx,179
2933,accelerator,179
2934,screw,179
2935,ranch,179
2936,opposite,178
2937,warren,178
2938,printers,178
2939,tomorrow,177
2940,finish,177
2941,generated,177
2942,finger,177
2943,keeps,177
2944,eating,177
2945,offense,177
2946,iowa,177
2947,prayer,177
2948,detailed,177
2949,selected,177
2950,beach,177
2951,micro,177
2952,missions,177
2953,loop,177
2954,gerry,177
2955,lang,177
2956,firearm,177
2957,azerbaijani,176
2958,crowd,176
2959,constant,176
2960,minds,176
2961,chose,176
2962,cook,176
2963,married,176
2964,permission,176
2965,vehicles,176
2966,hydro,176
2967,contents,175
2968,nonsense,175
2969,fool,175
2970,spam,175
2971,surrender,175
2972,beings,175
2973,extreme,175
2974,sail,175
2975,joke,175
2976,economy,175
2977,task,175
2978,engin,175
2979,plays,175
2980,marketing,175
2981,dick,175
2982,jaeger,175
2983,utarlg,175
2984,handgun,175
2985,pure,174
2986,strip,174
2987,pete,174
2988,truck,174
2989,ariel,174
2990,amazing,174
2991,bears,174
2992,classic,174
2993,controls,174
2994,carolina,174
2995,blow,174
2996,spdcc,174
2997,silicon,174
2998,timothy,174
